{"cameraMode":{"drawMode":0,"name":"Shaded","section":"Shading Mode"},"sceneLighting":false,"audioPlay":false,"sceneViewState":{"m_AlwaysRefresh":false,"showFog":true,"showSkybox":false,"showFlares":true,"showImageEffects":true,"showParticleSystems":true,"showVisualEffectGraphs":true,"m_FxEnabled":true},"in2DMode":false,"pivot":{"x":0.02404940128326416,"y":1.4949345588684083,"z":-0.016558170318603517},"rotation":{"x":-0.07137791067361832,"y":-0.9036352038383484,"z":0.16613122820854188,"w":-0.38834625482559206},"size":4.799261569976807,"orthographic":false}